welfare_regime,generation,gender,n,mean,sd,se,tcrit,ci_low,ci_high
Conservative,Gen Z,Female,491,4.427902129368635,2.65137083921955,0.1196546909456667,1.9648171316625376,4.192802542714803,4.6630017160224675
Conservative,Gen Z,Male,564,5.1049115585461,2.7396396486289034,0.1153596396561417,1.9641865291611058,4.8783237083246265,5.331499408767573
Mediterranean,Gen Z,Female,389,4.555055241131106,2.646344194843739,0.1341749768599975,1.9660968781378334,4.291254238002448,4.818856244259763
Mediterranean,Gen Z,Male,363,5.183424941046832,2.828927003405459,0.1484801606303585,1.9665388125099517,4.89143294227952,5.475416939814144
Post-Socialist,Gen Z,Female,640,5.3528158248125,2.8839985001224493,0.11400005036120417,1.963683381334333,5.128955820446926,5.576675829178074
Post-Socialist,Gen Z,Male,587,5.847341158364565,2.8257075014282,0.11662943021618205,1.9640204610445018,5.618278571060022,6.076403745669109
Social Democratic,Gen Z,Female,203,4.4024442401970445,2.7029086451371556,0.1897069965802874,1.971777384669988,4.028384274626367,4.776504205767722
Social Democratic,Gen Z,Male,202,5.0243058512376235,2.4806875296742814,0.17454056551218775,1.9718365067798576,4.68014039224669,5.368471310228557
